<?xml version="1.0" encoding="UTF-8"?><metadata>
    <idinfo>
        <citation>
            <citeinfo>
                <title>Central Ohio Bikeways</title>
                <onlink>https://maps2.columbus.gov/arcgis/rest/services/Schemas/RegionalLayers/MapServer/2</onlink>
            </citeinfo>
        </citation>
        <descript>
            <abstract>This map layer shows bikeways in central Ohio. It is maintained through a partnership between local governments including the cities of Columbus, Dublin, Westerville, Worthington, Hilliard, Gahanna, and Grove City, along with the Metro Parks and Mid-Ohio Regional Planning Commision. The layer includes established multi-use paths, bike lanes, bike boulevards, shared lane makings and routes. This layer also depicts committed and proposed facilities.</abstract>
            <purpose>This map layer shows bikeways in central Ohio.</purpose>
        </descript>
        <status>
            <update>As needed</update>
        </status>
        <keywords>
            <theme>
                <themekt>None</themekt>
                <themekey>City</themekey>
                <themekey>Columbus</themekey>
                <themekey>Ohio</themekey>
                <themekey>LBRS</themekey>
                <themekey>Bikeways</themekey>
                <themekey>Bike</themekey>
                <themekey>Path</themekey>
                <themekey>Greenway</themekey>
            </theme>
        </keywords>
        <accconst>None</accconst>
        <useconst>This data is dedicated to the public domain under the Creative Commons Universal License (CC0).</useconst>
        <datacred>Mid-Ohio Regional Planning Commission, Central Ohio Local Governments</datacred>
    </idinfo>
    <distinfo>
        <distrib>
            <cntinfo>
                <cntorgp>
                    <cntorg>City of Columbus, Department of Technology</cntorg>
                </cntorgp>
                <cntemail>columbusgis@columbus.gov</cntemail>
            </cntinfo>
        </distrib>
        <distliab>See access and use constraints information.</distliab>
    </distinfo>
    <metainfo>
        <metd>20190429</metd>
        <metc>
            <cntinfo>
                <!--no contact person or organization name available-->
            </cntinfo>
        </metc>
        <metstdn>FGDC Content Standard for Digital Geospatial Metadata</metstdn>
        <metstdv>FGDC-STD-001-1998</metstdv>
        <mettc>local time</mettc>
    </metainfo>
</metadata>
